{
  "wind": [
    71.422843084821,
    51.123508444125044,
    71.4375004471076,
    51.13270715055695
  ],
  "sun": [
    71.422843084821,
    51.123508444125044,
    71.4375004471076,
    51.13270715055695
  ],
  "utci": [
    71.422843084821,
    51.123508444125044,
    71.4375004471076,
    51.13270715055695
  ]
}