{
  "wind": [
    71.39949409749192,
    51.15566344412505,
    71.41416167382845,
    51.16486215055696
  ],
  "sun": [
    71.39949409749192,
    51.15566344412505,
    71.41416167382845,
    51.16486215055696
  ],
  "utci": [
    71.39949409749192,
    51.15566344412505,
    71.41416167382845,
    51.16486215055696
  ]
}