{
  "wind": [
    46.706363214056,
    24.689976222062523,
    46.71142543166931,
    24.694575575278478
  ],
  "sun": [
    46.706363214056,
    24.689976222062523,
    46.71142543166931,
    24.694575575278478
  ],
  "utci": [
    46.706363214056,
    24.689976222062523,
    46.71142543166931,
    24.694575575278478
  ]
}