{
  "wind": [
    39.811133485504364,
    21.42427622206252,
    39.81607431519143,
    21.428875575278475
  ],
  "sun": [
    39.811133485504364,
    21.42427622206252,
    39.81607431519143,
    21.428875575278475
  ],
  "utci": [
    39.811133485504364,
    21.42427622206252,
    39.81607431519143,
    21.428875575278475
  ]
}