{
  "wind": [
    39.808720971008725,
    21.422030444125042,
    39.81860263038286,
    21.43122915055695
  ],
  "sun": [
    39.808720971008725,
    21.422030444125042,
    39.81860263038286,
    21.43122915055695
  ],
  "utci": [
    39.808720971008725,
    21.422030444125042,
    39.81860263038286,
    21.43122915055695
  ]
}