{
  "wind": [
    76.94183392888127,
    43.24050844412504,
    76.95446204253241,
    43.24970715055695
  ],
  "sun": [
    76.94183392888127,
    43.24050844412504,
    76.95446204253241,
    43.24970715055695
  ],
  "utci": [
    76.94183392888127,
    43.24050844412504,
    76.95446204253241,
    43.24970715055695
  ]
}