{
  "wind": [
    76.94491696444064,
    43.24275422206252,
    76.95123102126621,
    43.247353575278474
  ],
  "sun": [
    76.94491696444064,
    43.24275422206252,
    76.95123102126621,
    43.247353575278474
  ],
  "utci": [
    76.94491696444064,
    43.24275422206252,
    76.95123102126621,
    43.247353575278474
  ]
}