{
  "wind": [
    46.703891428111994,
    24.687730444125044,
    46.71401586333862,
    24.69692915055695
  ],
  "sun": [
    46.703891428111994,
    24.687730444125044,
    46.71401586333862,
    24.69692915055695
  ],
  "utci": [
    46.703891428111994,
    24.687730444125044,
    46.71401586333862,
    24.69692915055695
  ]
}