{
  "wind":  [71.40218802, 51.15827522, 71.40934998, 51.16276678],
  "sun":   [71.40218802, 51.15827522, 71.40934998, 51.16276678],
  "utci":  [71.40218802, 51.15827522, 71.40934998, 51.16276678]
}
