{
  "wind": [
    71.40307504874596,
    51.15790922206253,
    71.41040883691423,
    51.16250857527848
  ],
  "sun": [
    71.40307504874596,
    51.15790922206253,
    71.41040883691423,
    51.16250857527848
  ],
  "utci": [
    71.40307504874596,
    51.15790922206253,
    71.41040883691423,
    51.16250857527848
  ]
}